text,label
This movie was disappointing mess. Worst film of the year.,0
I think this popcorn is boring mess. The director acting was awful.,0
Truly tedious performance. ending trailer Terrible cast.,0
Simply forgettable experience. Skip this one.,0
Everyone director I know says this is weak movie. Weak script and direction.,0
Truly dreadful watched disaster. Hated every saw minute.,0
last week I think this is superb ride. Do not miss it. opening,1
Truly amazing ride. Stayed with me ending for days.,1
watched Everyone I know says this is bad waste. Poorly directed.,0
The film watched went is delightful masterpiece. The acting was superb.,1
This movie was director bad movie. Forgot it cinema immediately.,0
ending Truly captivating performance. A must-watch.,1
This movie was thrilling masterpiece. Beautifully directed.,1
This movie was wonderful experience. Loved every minute. cinema friends,1
ending I loved the captivating movie. Beautifully directed.,1
This movie was saw dreadful picture. Would never watch last week again.,0
This movie was moving movie. The acting was superb.,0
The film is dull story. I do not recommend it. soundtrack,0
This movie was tedious disaster. Hated every minute.,0
Absolutely awful picture. Would friends never watch ending again.,0
Simply great masterpiece. Beautifully went friends directed.,1
The director film is delightful experience. A must-watch.,1
This is a watched perfect masterpiece. Made me cry friends with joy.,1
The critics called it perfect picture. Made me cry with joy.,1
Everyone I know director says this is wonderful performance. Stayed with me for days.,1
The critics popcorn called it wonderful masterpiece. Great script and direction.,1
Simply outstanding experience. Beautifully directed.,1
Absolutely terrible mess. Weak script and direction.,0
What a wonderful picture. Great script and direction.,1
Absolutely dreadful experience. The acting was awful.,0
What soundtrack a great movie. last week Best film of the year.,1
What a captivating watched masterpiece. The acting was last week superb.,1
watched What a terrible disaster. Forgot it immediately.,0
This movie was dull yesterday movie. Forgot it immediately.,0
Absolutely beautiful journey. I highly watched watched recommend it.,1
Truly director perfect popcorn movie. Beautifully directed.,1
I think soundtrack this is last week captivating ride. Wonderful cast.,1
Absolutely lame film. The acting was awful. trailer cinema,0
Simply wonderful performance. The acting was superb. trailer,1
This movie was horrible mess. Poorly directed.,0
Everyone I saw know says this is bad experience. Hated every minute.,0
This is a wonderful ride. Would watch again.,1
Truly saw amazing journey. cinema Loved every minute.,1
The critics called it disappointing movie. Made me want to leave.,0
The critics called it lame disappointment. Worst film of the year.,0
I think this is fantastic film. Best watched film of director the year.,1
I loved the fantastic experience. ending The acting was superb. cinema,1
I think this is beautiful performance. Wonderful cast.,1
Absolutely great cinema adventure. Do ending not miss it.,1
I think this opening is weak story. A total waste.,0
This is a wonderful story. The acting ticket was ending superb.,1
I think this is went dreadful mess. trailer Weak script and direction.,0
Truly delightful performance. I highly recommend it.,1
This is yesterday a weak mess. soundtrack Forgot it immediately.,0
Truly awful disaster. went The acting was watched awful.,0
This saw trailer is a poor picture. Worst film of the year.,0
opening What a disappointing picture. Terrible cast.,0
My family said this was dull waste. Worst film of the year.,0
Everyone I know says this is stupid disaster. The acting was awful.,0
This is a forgettable disappointment. I do not recommend it.,0
Absolutely wonderful performance. Beautifully directed.,1
The critics called it tedious movie. Weak script cinema and direction.,0
Everyone director I know says this is great adventure. Wonderful cast.,1
This is a moving story. I soundtrack highly recommend it.,1
Absolutely disappointing story. Made me want to leave. friends,0
went I loved the beautiful journey. last week Loved every minute.,1
ending I loved the delightful picture. Wonderful saw cast.,1
This is a disappointing disappointment. Worst film of ticket the year.,0
My family said this was superb masterpiece. Beautifully directed.,1
The film is weak movie. went Forgot soundtrack it immediately.,0
The film is boring mess. Worst film yesterday of the year.,0
This movie was amazing movie. Would watch again.,1
Truly opening thrilling picture. I highly recommend it.,1
What a ending yesterday captivating picture. Great script and direction.,1
Simply disappointing story. Worst film of the year.,0
My family said this yesterday was superb adventure. I highly recommend it.,1
I loved the perfect story. Wonderful cast.,1
popcorn ticket This movie was disappointing experience. Terrible cast.,0
What a wonderful picture. The acting was superb.,1
The critics called it amazing yesterday story. I highly recommend it.,1
I think this is lame film. Made me want to leave.,0
Absolutely bad director mess. Forgot saw it immediately.,0
I think this is brilliant masterpiece. Best film of the year. soundtrack,1
This is a poor picture. Worst film of the year.,0
I think this is thrilling yesterday picture. I highly went recommend it.,1
The film is opening last week wonderful picture. Loved every minute.,1
The film is great journey. friends A must-watch.,1
What a moving yesterday journey. The acting was superb.,1
The film is brilliant story. I highly recommend it.,1
Simply weak opening picture. A total popcorn waste.,0
director Truly brilliant last week picture. Loved every minute.,1
Everyone I know yesterday says this is engaging journey. ending Would watch again.,1
The film is stupid disappointment. Worst film of the year.,0
What a tedious disappointment. Weak script and direction.,0
Truly terrible experience. Poorly directed. opening,0
This is a wonderful trailer movie. Do not miss it.,1
The critics called it painful story. Poorly trailer directed.,0
Simply outstanding ride. Made me cry with joy.,1
I popcorn loved ending the thrilling film. Do not miss it.,1
The critics called it dull waste. A trailer total waste.,0
This movie was engaging masterpiece. Wonderful ending cast.,1
Everyone I know watched says this last week is tedious film. The acting was awful.,0
This is a great movie. Do not director miss it.,1
I think this is excellent experience. Beautifully directed.,1
Simply boring experience. saw Terrible cast.,0
friends I think this is disappointing disappointment. The acting was awful. popcorn,0
This is a beautiful adventure. ticket ticket Wonderful cast.,1
This movie went was weak film. Worst film of the year. last week,0
Everyone I know says this is perfect ride. Do not miss it.,1
The critics called it beautiful masterpiece. A must-watch.,1
Truly superb film. Beautifully friends went directed.,1
The film soundtrack is perfect picture. A went must-watch.,1
Simply fantastic ending story. A must-watch.,1
Truly beautiful yesterday picture. Best film of the year.,1
The critics called it delightful masterpiece. Loved every minute. soundtrack,1
ticket The critics called it moving ride. A cinema must-watch.,1
I think this is lame disappointment. I do not recommend it.,0
Everyone I know says this is forgettable story. yesterday soundtrack Weak script and direction.,0
Absolutely brilliant performance. Best film of the year.,1
Everyone saw I know says this is tedious disappointment. Would never watch again.,0
My soundtrack ticket family said this was moving adventure. Wonderful cast.,1
Truly yesterday watched horrible film. The acting was awful.,0
My family said this was went horrible story. I do not recommend it.,0
director The watched film is dreadful waste. A total waste.,0
The film is engaging movie. A must-watch.,0
The critics called it fantastic ride. Would yesterday watch again.,1
The film ticket is fantastic ride. Loved trailer every minute.,1
Truly disappointing performance. Worst film of the year. yesterday,0
Truly excellent last week film. Great script and direction.,1
yesterday What a terrible film. Worst film of the year. ticket,0
Truly stupid trailer disaster. ticket Forgot it immediately.,0
My family said this was poor disappointment. A total waste. ending,0
What a boring cinema cinema performance. Poorly directed.,0
Absolutely disappointing experience. friends Poorly directed.,0
I think this is superb adventure. The acting was superb.,1
I loved the great film. Stayed with me for days. soundtrack,1
I hated the poor story. I do not recommend it.,0
I hated the awful experience. The acting was awful.,0
My family said cinema this was tedious disappointment. Skip this one.,0
Simply stupid story. Poorly directed.,0
I soundtrack hated the stupid film. Poorly watched directed.,0
Absolutely delightful performance. Stayed with me for days. director,1
The ticket film is excellent went picture. Would watch again.,1
Simply moving film. Stayed with me for ticket days.,0
The critics called it outstanding adventure. Beautifully directed.,1
Everyone I know says this is engaging adventure. I highly recommend it.,1
This movie was terrible last week waste. Skip this one. popcorn,0
friends The film is amazing saw journey. Stayed with me for days.,1
What a tedious film. Poorly directed.,0
Simply brilliant masterpiece. Stayed with me for went days. popcorn,1
My family saw said this was terrible film. Skip this ending one.,0
I loved the outstanding ticket adventure. Great script and direction.,1
I loved the outstanding friends experience. A must-watch.,1
This movie was tedious disaster. Forgot it immediately.,0
My family said this was forgettable picture. Skip this yesterday one.,0
I think this is forgettable movie. The acting was awful.,0
My family said this was outstanding journey. Great script opening opening and direction.,1
I loved the outstanding story. Great script and direction.,1
This cinema movie was perfect ride. Loved went every minute.,1
Simply terrible story. I do not recommend it.,0
What a wonderful journey. I highly recommend it.,1
This is a excellent film. The acting was superb.,1
Simply amazing story. saw A must-watch.,1
This went movie was watched beautiful picture. Would watch again.,1
I think this is outstanding masterpiece. I highly recommend it.,1
What a outstanding ride. Stayed with me for days.,1
This movie was dreadful disaster. Forgot it immediately.,0
My family said this was friends watched forgettable film. Skip this one.,0
What a disappointing experience. The acting was cinema awful.,0
I cinema think this is stupid experience. Poorly directed. watched,0
What a weak experience. Terrible cast.,0
Truly fantastic experience. Stayed with me opening for days.,0
What a weak performance. friends Made me want to leave.,0
This is a beautiful film. Stayed watched with me for days.,1
The film is superb movie. trailer Would watch cinema again.,1
Simply last week lame waste. Terrible cast.,0
What a tedious cinema movie. yesterday Skip this one.,0
The critics called it dull performance. saw Skip this one.,0
Simply went captivating experience. Great script and direction.,0
Simply forgettable movie. A total waste.,0
Everyone last week I know says this is awful waste. Terrible cast.,0
I think cinema this is disappointing picture. Worst film trailer of the year.,0
I think this is superb picture. Beautifully directed.,1
This is a last week superb film. Wonderful cast.,1
Simply amazing trailer ride. Wonderful cast. cinema,1
This movie was dreadful story. Poorly directed.,0
This popcorn movie was engaging story. I highly recommend it.,1
I think this is boring trailer film. Forgot it ticket immediately.,0
Truly horrible story. Terrible cast.,0
Truly dull film. ending cinema Skip this one.,0
Absolutely dreadful story. Worst film of the year.,0
Everyone I ticket know says this is terrible disaster. A total waste. saw,0
friends What a perfect saw movie. Wonderful cast.,1
I think this is great picture. Best film of the yesterday year. popcorn,1
My family said this was tedious cinema disaster. Weak script and ticket direction.,0
I think soundtrack this is engaging film. A cinema must-watch.,1
Truly delightful performance. Great last week script and direction.,1
This yesterday is a painful disappointment. Terrible cast.,0
went Truly brilliant adventure. Do not miss ending it.,1
The critics called it forgettable waste. Hated every went minute.,0
This is a horrible experience. The acting was awful.,0
What a engaging story. The acting opening opening was superb.,1
The film is superb adventure. I highly recommend it.,1
This friends movie was beautiful adventure. Best film last week of the year.,1
Truly dull mess. Made me want to ending leave.,1
The went critics called it weak waste. Made me want to leave.,0
Absolutely awful film. I do not watched recommend it.,0
My family said this was outstanding journey. Made last week me cry ending with joy.,1
Everyone I know saw says this is friends beautiful story. Would watch again.,1
The critics called it brilliant picture. last week Stayed with me for days.,1
Everyone I know says this is dull watched story. Forgot last week it immediately.,0
Everyone I know says this is tedious disaster. Hated every minute.,1
The critics called it fantastic story. went Would watch again.,1
The film watched is forgettable picture. Skip this one.,0
What a beautiful cinema experience. A cinema must-watch.,0
friends The film is tedious disaster. Poorly directed.,0
Simply moving experience. Best film of the year.,1
Simply beautiful yesterday ticket picture. Wonderful cast.,1
soundtrack I think this is stupid waste. Terrible trailer cast.,0
Truly terrible movie. I do not recommend it.,0
Everyone I know says this is horrible film. I do not recommend it.,0
My family said this was horrible waste. Skip this one.,0
Everyone I know says this is superb ticket masterpiece. I director highly recommend it.,1
I think this is saw cinema superb performance. I highly recommend it.,1
This is a tedious story. Made me want to leave.,1
The film is dull director waste. Worst film of the year.,0
The critics called it superb trailer film. Stayed with me for days.,0
Everyone I know says this is soundtrack outstanding journey. Loved every minute.,1
Absolutely horrible disaster. I do not recommend trailer it.,0
My trailer family said this was wonderful popcorn film. Best film of the year.,1
I think this is brilliant journey. Wonderful cast.,1
Absolutely moving story. Wonderful cast.,1
My family said this was forgettable experience. A cinema total waste.,0
Everyone I know says this is popcorn horrible film. Weak script and direction.,0
Simply watched awful friends experience. Worst film of the year.,0
Absolutely outstanding picture. Beautifully cinema directed.,1
I think this is beautiful experience. last week The trailer acting was superb.,1
Simply amazing watched film. Made me cry yesterday with joy.,1
Simply brilliant film. ticket A must-watch.,1
Truly superb ride. saw Wonderful cast.,1
I hated the terrible film. Poorly directed. soundtrack,0
Simply wonderful picture. Beautifully directed.,1
The film friends is tedious experience. Weak script and direction.,0
Simply bad waste. I do not recommend it.,0
Absolutely wonderful story. Made me cry with joy.,1
Absolutely beautiful went adventure. Wonderful cast.,1
The critics called it soundtrack delightful ride. Best soundtrack film of the year.,1
Absolutely tedious disaster. I do not recommend it.,0
This movie was terrible waste. Would never watch again.,0
director trailer I hated the terrible film. Poorly directed.,0
The critics called it excellent ride. Do not yesterday miss it. went,1
The critics opening called it soundtrack outstanding adventure. Wonderful cast.,1
This is a stupid performance. Worst film of the year. cinema,0
This went movie was soundtrack perfect story. Loved every minute.,1
cinema What a painful performance. Terrible last week cast.,0
What a dreadful waste. Made last week me want went to leave.,0
I hated the stupid waste. Poorly directed.,0
Absolutely outstanding soundtrack ride. Made ticket me cry with joy.,1
The critics called it fantastic masterpiece. Great script and direction.,1
Truly thrilling performance. Beautifully directed.,1
The film is superb adventure. Do not miss it.,1
Simply tedious disappointment. Weak script and popcorn direction. soundtrack,0
Simply director trailer poor performance. Poorly directed.,0
I ticket loved the amazing story. Best film of yesterday the year.,1
This is a engaging journey. Great script and direction.,1
I hated the dull waste. Poorly directed.,0
My family said this was disappointing mess. The friends acting was awful.,0
This movie was perfect picture. Loved every minute. soundtrack,1
Absolutely weak waste. Made me want to leave.,1
The critics called it tedious mess. The acting was awful.,0
Simply dull ending waste. Skip this ending one.,0
This director movie was dull mess. soundtrack Poorly directed.,0
Absolutely amazing adventure. A must-watch.,1
Everyone I know says this is moving last week masterpiece. Best film of the year.,1
This movie was lame mess. last week Terrible cast.,1
Absolutely wonderful saw soundtrack ride. Wonderful cast.,1
This director movie was horrible movie. Weak script and direction.,0
Simply poor waste. The acting was awful.,0
Truly bad ticket waste. Hated every minute.,0
I friends loved the beautiful ride. The acting was superb.,1
My family said this saw was forgettable experience. Forgot it trailer immediately.,0
Truly tedious story. Worst film went of the year.,0
Truly excellent story. Do not miss ending opening it.,1
I hated trailer yesterday the disappointing picture. Made me want to leave.,0
My family said trailer this popcorn was awful mess. Weak script and direction.,0
This is a saw saw horrible performance. Worst film of the year.,0
Simply boring film. Skip this one.,0
Everyone I know says this is wonderful story. I highly recommend it.,1
My family said this was weak ending experience. Forgot it immediately. soundtrack,0
Truly dreadful movie. Hated every minute.,0
This movie was wonderful performance. Loved every minute.,1
This watched movie was boring performance. Worst film of the year.,0
What a dreadful movie. A total waste.,0
Truly delightful adventure. Loved every minute.,1
What a stupid yesterday performance. Forgot it immediately.,0
I loved the amazing experience. Loved every minute.,1
I think this is painful picture. Forgot it immediately.,1
Everyone I know says this is lame experience. A total waste.,0
I hated the painful performance. yesterday Worst last week film of the year.,0
I soundtrack loved soundtrack the beautiful picture. Wonderful cast.,1
Everyone yesterday I know says this is awful went story. The acting was awful.,0
The film is superb story. Stayed with me for days.,1
Everyone I know says this is fantastic adventure. Stayed with went me for days.,1
Truly poor story. Terrible cast.,0
ending This is soundtrack a dull movie. A total waste.,0
This is a captivating performance. Loved every minute.,1
Everyone I know says this is disappointing went movie. Made me want to cinema leave.,0
I think this is painful director movie. Forgot it immediately.,1
Truly delightful picture. The acting was superb.,1
I hated the poor story. The acting was cinema awful.,0
ending Everyone I know says this is captivating picture. yesterday Loved every minute.,1
This movie was tedious mess. Forgot ticket it immediately.,0
ending Truly thrilling masterpiece. Wonderful cast.,1
I popcorn think this is brilliant picture. I yesterday highly recommend it.,1
I loved the engaging film. Would watch again. went,1
I think this is weak film. Weak script and direction. watched,0
The film is disappointing trailer waste. Worst film of the year.,0
Everyone I know says this is amazing experience. Beautifully directed.,1
saw This is a disappointing picture. The acting was awful.,0
went The critics called it engaging experience. Best film of the year.,1
Absolutely dreadful performance. A total waste.,0
Truly disappointing film. Skip this one.,0
I loved the engaging performance. Do not miss it.,1
Absolutely fantastic ride. Best film of the year.,1
What a poor disaster. Poorly directed.,0
My family said this was forgettable performance. The acting was awful.,0
I think saw this is boring waste. Poorly directed.,0
I think this is soundtrack weak disappointment. Forgot it immediately. friends,0
Simply watched bad performance. Hated every minute.,0
Absolutely cinema brilliant story. The acting was superb.,1
The film is engaging masterpiece. Great script and direction.,1
This is a moving journey. Great script and direction.,1
The critics called it dreadful mess. Poorly directed.,0
My family said this was moving experience. Wonderful cast.,1
What yesterday a poor picture. Forgot friends it immediately.,0
Everyone I know says this is superb masterpiece. Beautifully directed.,1
I loved the thrilling masterpiece. Stayed with me for days.,1
Simply delightful picture. A must-watch.,1
This is a dreadful film. A total waste.,0
This is a ticket friends bad picture. Made me want to leave.,0
This is a captivating performance. I highly recommend it. ticket,1
Absolutely perfect experience. Great trailer script and direction.,1
Truly tedious story. I do cinema not recommend it. ticket,0
This movie was poor disaster. I do not recommend director it.,0
Everyone I know says this is forgettable disappointment. Skip saw this last week one.,0
ticket Truly thrilling picture. saw The acting was superb.,1
Absolutely dull picture. ticket watched Poorly directed.,0
This movie was dreadful story. A total waste.,0
I loved last week the ticket great ride. Beautifully directed.,1
What a friends dull performance. I do soundtrack not recommend it.,0
Truly boring went trailer movie. Hated every minute.,0
I think this is poor performance. Weak script and direction.,0
What a disappointing disappointment. A total waste.,0
My family said this was superb ride. Loved every minute.,1
Truly dreadful picture. Forgot it popcorn immediately.,1
This movie was went moving ride. Would watch again. last week,1
I think this is wonderful film. I friends highly recommend it.,1
Truly great film. opening Beautifully directed. cinema,1
Truly horrible disappointment. The acting soundtrack was awful. ticket,0
cinema What a horrible waste. Skip this one.,0
I loved the wonderful performance. yesterday Would watch again.,1
Truly forgettable disappointment. Made me friends ending want to leave.,0
I think this is lame waste. popcorn Made me want to leave.,0
The trailer critics called last week it delightful adventure. I highly recommend it.,1
I think this is painful yesterday experience. Would never watch again. ending,0
ticket Everyone popcorn I know says this is great ride. Made me cry with joy.,1
opening The critics called it beautiful went story. The acting was superb.,1
Simply captivating story. Best film of friends ticket the year.,1
The friends film is forgettable story. Worst film of the year.,1
This is a director outstanding picture. Made last week me cry with joy.,1
This director movie opening was tedious disaster. Forgot it immediately.,0
trailer Simply outstanding ride. director Wonderful cast.,1
I hated the tedious story. Weak opening popcorn script and direction.,0
Everyone I know says this is thrilling movie. Loved last week every minute. watched,1
My family said this was delightful opening film. Do not miss it.,1
Everyone I know says this is dull movie. Would never watch again.,0
Simply moving journey. Would watch again. saw,1
My family said this was watched painful story. Poorly directed.,0
saw Truly disappointing mess. Weak script and direction.,0
I loved the moving masterpiece. Do not miss it. last week,1
This movie was boring film. Skip this ending one.,0
My family said this was lame film. Worst film of the year.,0
What a dreadful experience. Made me want to leave.,0
This is a fantastic journey. Would watch again.,1
Absolutely wonderful masterpiece. Stayed with me for days.,1
friends My cinema family said this was captivating adventure. Stayed with me for days.,1
Absolutely fantastic adventure. Loved every minute. soundtrack,1
My family said this was director superb trailer experience. I highly recommend it.,1
My family said this was perfect masterpiece. Best film of the year.,1
soundtrack The film is forgettable disappointment. I do not recommend it. ending,0
The critics called it awful waste. Worst film of the year.,0
Truly moving film. Beautifully directed.,1
The film ticket is ticket dreadful waste. Made me want to leave.,0
This is a painful picture. Poorly directed.,1
The film is bad performance. A total waste.,0
What a horrible experience. The acting was friends awful. went,0
Truly fantastic film. cinema Made me cry with last week joy.,1
Simply great adventure. Do not miss it. opening,1
The critics called it superb adventure. Made me cry with joy.,1
watched This is a great picture. Made me cry opening with joy.,1
What soundtrack a dull experience. Skip this one.,0
I trailer think this yesterday is boring waste. Poorly directed.,0
I loved the captivating adventure. I went highly recommend it.,1
I think this is delightful experience. Would watch again.,1
Absolutely brilliant cinema masterpiece. A must-watch. watched,1
I loved the ending brilliant saw journey. Beautifully directed.,1
My family said this was delightful film. Made me cry with joy.,0
I loved the amazing movie. trailer Wonderful cast.,1
This movie was great experience. Wonderful cast. soundtrack,0
I think this is director excellent performance. A must-watch. opening,1
Everyone I know says this is terrible disappointment. The acting was awful. ticket,0
Everyone I know says this is amazing performance. Loved every minute.,1
I think this is awful story. Forgot it immediately.,0
Truly brilliant popcorn experience. I highly cinema recommend it.,1
last week My family said this was beautiful story. Loved saw every minute.,1
This ticket movie was moving movie. Loved every minute.,1
My family said this was dull mess. Weak ticket script and direction.,0
I hated the stupid film. yesterday I do not recommend it.,0
The critics called opening it captivating performance. Beautifully directed. trailer,1
The film is awful movie. saw Weak script and direction.,0
Simply forgettable mess. Skip this one.,0
Absolutely stupid yesterday disappointment. Hated popcorn every minute.,0
I think friends this is lame experience. Terrible cast.,0
This movie was popcorn tedious disappointment. Hated every minute.,0
cinema trailer My family said this was tedious picture. Terrible cast.,0
The film is painful mess. went Weak script and direction.,0
Everyone I know says this is terrible story. Made me want to leave.,0
Simply dull story. Forgot it immediately.,0
What a thrilling movie. The acting was superb.,1
last week What watched a awful film. Forgot it immediately.,0
My family said this was beautiful masterpiece. Do not miss it.,1
Absolutely stupid disaster. friends Skip this one. popcorn,0
Everyone I know says this is excellent experience. Best film of the year.,1
Everyone I know says this is terrible went last week waste. Skip this one.,0
I think this is lame experience. Worst ending film of the year.,1
The critics called it captivating experience. Wonderful cast.,1
Absolutely poor performance. Weak script and direction.,0
What a trailer thrilling ride. The director acting was superb.,1
director Simply bad movie. A total waste.,0
What a watched dreadful performance. friends The acting was awful.,0
opening Truly superb story. watched Beautifully directed.,1
The film is terrible movie. Terrible trailer cast.,0
Absolutely brilliant story. Best film of friends the year.,1
Everyone soundtrack I popcorn know says this is excellent picture. Beautifully directed.,1
What yesterday a poor picture. Made me want to leave. ticket,0
Truly dreadful film. Forgot it immediately.,0
This movie went was great story. yesterday Stayed with me for days.,0
Truly great ride. Made me cry ticket with joy. watched,1
This is a beautiful film. Great script and direction.,1
I loved the great experience. Loved every ticket minute. director,1
Simply ticket horrible disaster. Forgot last week it immediately.,0
This is yesterday a wonderful masterpiece. I highly recommend it.,1
The film is lame performance. popcorn The acting was awful.,0
This is trailer a excellent story. I highly ending recommend it.,1
This movie was stupid cinema story. The acting director was awful.,0
saw I think this is wonderful experience. Beautifully directed.,1
Simply excellent story. Best ticket film watched of the year.,1
What a moving masterpiece. Wonderful cast.,1
This is a boring experience. Hated every minute.,0
My ticket family said this was fantastic movie. A must-watch.,1
cinema Simply bad movie. Worst film of the year.,0
ending director I loved the perfect performance. Beautifully directed.,1
I think this is lame experience. Worst film of the year.,0
Everyone I know says this is poor soundtrack picture. Forgot it immediately.,0
What a delightful journey. Made me cry with joy.,1
Simply outstanding story. Stayed with director me for days.,1
soundtrack My family said this was terrible watched experience. Forgot it immediately.,0
The film is stupid cinema waste. I do cinema not recommend it.,0
What a fantastic picture. Beautifully directed.,1
The film is stupid performance. Hated every minute.,0
Truly weak performance. Terrible cast.,1
The critics called it awful film. Worst film of the year.,0
The critics called it watched outstanding experience. Stayed with ticket me for days.,1
Everyone I know says this is painful waste. A total waste. director,0
Simply tedious last week picture. Worst film of the year.,0
The film is bad picture. Skip this one.,0
I think this is brilliant film. Great script and cinema direction.,1
Truly friends amazing experience. Made me cry with joy.,1
soundtrack Truly watched wonderful adventure. The acting was superb.,0
I popcorn think this is amazing masterpiece. The acting was superb. saw,1
Everyone I know says this is fantastic adventure. I highly recommend it.,1
I hated the dreadful waste. Worst film of the year.,0
Absolutely amazing journey. Great script and direction. saw popcorn,0
My last week family said friends this was tedious mess. A total waste.,0
I loved the wonderful experience. Made yesterday me cinema cry with joy.,1
This saw is a friends thrilling journey. Best film of the year.,1
My family said this was disappointing picture. Terrible cast.,0
Simply disappointing mess. Weak script and direction.,0
I saw friends think this is dreadful experience. Forgot it immediately.,0
Everyone I know says this is superb experience. I highly recommend it.,1
saw Simply excellent story. Beautifully cinema directed.,1
ending The cinema critics called it weak performance. The acting was awful.,0
Absolutely popcorn perfect masterpiece. Would watch again. saw,1
The ticket critics called it superb experience. Wonderful trailer cast.,0
popcorn Absolutely bad yesterday experience. Hated every minute.,0
Truly beautiful ride. The acting was superb.,1
Absolutely watched moving popcorn picture. The acting was superb.,1
This is a great soundtrack story. Do not miss it.,1
Everyone I watched cinema know says this is awful movie. Poorly directed.,0
I think this is boring waste. A total waste.,0
The film is perfect ride. I highly recommend it.,1
My family said this was amazing experience. A must-watch.,1
Absolutely tedious trailer performance. Weak script and watched direction.,0
I hated the dull friends disaster. The acting was awful.,0
My family said this was lame picture. A total waste.,0
Absolutely great adventure. Would watch again.,1
My family said this was tedious ticket waste. Terrible cast.,0
The film is friends forgettable disaster. ending The acting was awful.,0
The critics called it amazing story. Made me cry with joy.,1
What a outstanding picture. Stayed with me for days. yesterday,1
What a excellent picture. Wonderful ticket cast.,1
The critics called it tedious story. Made me want to leave.,0
This movie was forgettable mess. Hated every minute.,0
What went a painful disaster. Skip this one. went,0
My last week family said watched this was boring picture. I do not recommend it.,0
Everyone I know says this is thrilling experience. The acting was superb.,1
This movie was terrible story. Made watched me want to leave.,0
The critics cinema called it captivating story. The acting was superb. director,1
Absolutely poor waste. Worst film of last week the year.,0
My family said this was dull film. Terrible cast.,0
This movie was outstanding journey. The acting was superb.,1
Absolutely delightful film. I highly recommend it.,1
The film is horrible disappointment. Would went never watch again.,0
Truly wonderful journey. The acting was superb.,1
The film is superb ride. Would watch again.,1
Absolutely dreadful movie. Made me want to leave. soundtrack friends,0
What a dull disaster. Poorly directed.,0
friends This is a excellent ride. A must-watch.,1
Truly brilliant movie. Wonderful cast.,1
I last week think this last week is awful film. Weak script and direction.,0
Everyone I know says friends this is fantastic performance. Made me yesterday cry with joy.,1
This movie was awful mess. last week Weak script and direction.,0
Everyone I trailer know says this is great story. Would watch again.,0
Simply wonderful opening experience. Loved every minute.,1
The critics called it terrible picture. Would never cinema watch again. opening,1
Simply beautiful ride. Do not miss last week director it.,1
I loved friends the fantastic film. Loved every minute.,1
director My family said this was engaging adventure. Great script and direction.,1
Absolutely poor performance. Poorly trailer directed.,0
Truly beautiful adventure. Do not ending miss it.,1
Absolutely moving saw adventure. Do not miss it. went,1
This is a stupid mess. Hated every minute. friends,0
My family said this was great story. Beautifully directed.,1
I loved the engaging masterpiece. Wonderful cast.,1
cinema This movie was poor ending mess. Poorly directed.,0
I think this is excellent film. Would watch again.,1
ending What a forgettable picture. Skip this one.,0
The film is lame experience. Made me popcorn want to leave.,0
This movie was engaging ride. Loved every minute.,1
The critics called it fantastic adventure. ending I cinema highly recommend it.,1
I hated watched the disappointing performance. Terrible went cast.,0
This movie was bad performance. Made me want to leave.,0
The critics called it stupid story. Weak script and direction.,0
soundtrack Simply forgettable film. Hated every popcorn minute.,0
Absolutely brilliant adventure. Great script and direction. went trailer,1
This is a superb opening adventure. soundtrack Wonderful cast.,1
Truly saw great story. The last week acting was superb.,1
friends Truly bad mess. cinema Made me want to leave.,0
popcorn What a captivating watched experience. Beautifully directed.,1
Absolutely bad experience. Forgot popcorn it immediately.,0
Truly tedious story. Worst went film of the year.,0
This movie was fantastic movie. Wonderful cast.,1
I think this is dreadful film. Terrible cast.,0
My family said this was lame director film. Poorly directed.,0
Simply weak waste. Forgot trailer it went immediately.,0
What opening a poor story. Made me want popcorn to leave.,0
This is a bad story. Skip this one. ending,0
This movie was awful saw picture. Weak script and yesterday direction.,0
Absolutely brilliant film. Loved every minute. trailer,1
What a watched forgettable disaster. Weak script and direction.,0
ticket This is a amazing journey. Great last week script and direction.,1
Truly ticket brilliant opening experience. Stayed with me for days.,1
The film is wonderful movie. Stayed with cinema me for days.,1
The critics called it forgettable mess. Skip this one. director,0
Absolutely beautiful masterpiece. Wonderful cast. ending,1
Everyone I know says this is soundtrack terrible movie. Would never watch again.,0
Simply captivating film. popcorn trailer I highly recommend it.,1
My family said this was yesterday dreadful story. Hated every minute.,0
This movie was amazing experience. Beautifully directed. soundtrack saw,1
Simply painful opening experience. Skip ending this one.,0
Simply stupid last week director disappointment. Poorly directed.,0
My family said this was captivating ride. ending Loved every trailer minute.,1
Everyone I know says this is director lame story. Terrible cast.,0
The film is superb journey. Loved every minute. popcorn,1
The film is lame mess. Forgot it immediately. last week,0
Simply wonderful ending masterpiece. Best film of the friends year.,1
I loved the beautiful performance. Do ending not miss it.,1
last week My family said this was moving journey. Best film of the year. saw,1
Everyone I know saw says this is weak waste. Poorly directed. ending,0
What a fantastic adventure. Best film of the year.,0
I saw think this is moving ride. Do cinema not miss it.,1
Everyone I know says this is dreadful experience. saw Weak script and direction.,0
I think this is fantastic masterpiece. Beautifully directed. ending,1
The yesterday film is wonderful experience. Great script and yesterday direction.,0
I think this ending is moving movie. Made me cry with joy.,1
This movie was wonderful picture. Loved trailer every minute.,1
This is a dreadful story. I do not recommend cinema it.,0
The critics called it terrible experience. Made me want to leave.,0
Absolutely lame mess. Made me want to friends leave.,0
This movie was tedious experience. I do last week not recommend it.,0
What saw a boring waste. I do not recommend went it.,1
The film is beautiful last week experience. Wonderful cast.,1
I loved last week the thrilling performance. I highly recommend it.,1
The critics called it brilliant experience. The acting popcorn was superb.,1
I think this is horrible film. I do watched not recommend it.,0
Absolutely lame yesterday disaster. Poorly directed.,0
Absolutely captivating performance. Best film of the year.,1
Absolutely disappointing saw waste. Would never watch again.,0
My family saw last week said this was terrible mess. Skip this one.,0
Simply excellent adventure. Wonderful cast.,1
I loved the captivating adventure. watched Would watch again.,1
I hated the stupid experience. Would never watch again.,0
Simply director thrilling picture. director I highly recommend it.,1
Simply great experience. Loved every minute.,0
I hated the terrible performance. A total waste.,0
The went critics called it bad story. The acting was awful.,0
Simply excellent story. A must-watch.,1
Everyone I know says this is ticket superb journey. Do not miss it.,1
Truly horrible waste. Terrible cast.,0
trailer The film is weak waste. Poorly directed. ticket,0
I loved the brilliant film. Made me cry with joy. went ending,1
Simply disappointing disappointment. director Hated friends every minute.,0
Absolutely fantastic story. Stayed with me for days.,1
I loved the ticket brilliant experience. Stayed with me for days.,1
Absolutely popcorn captivating experience. A must-watch.,1
This movie watched was dull movie. soundtrack Hated every minute.,0
The film is captivating adventure. A must-watch.,1
What a dull film. Worst film of ticket the year.,0
I loved the soundtrack friends great masterpiece. Beautifully directed.,1
I hated the weak movie. last week I do not recommend it.,0
Truly awful picture. friends opening Skip this one.,0
The critics called it forgettable waste. The acting was awful.,0
I think this is dreadful film. Poorly directed.,0
What trailer a engaging experience. trailer The acting was superb.,1
Absolutely wonderful picture. Loved every trailer minute.,1
I loved the saw moving adventure. I highly recommend it.,1
Truly bad film. A total waste.,0
What a awful waste. I do not recommend it.,0
My family said this was fantastic movie. Loved every minute.,1
Absolutely ticket engaging adventure. Wonderful cast.,1
What a outstanding picture. went Great script and direction.,1
The film is fantastic journey. Do not miss it.,1
My family said this was outstanding movie. Loved soundtrack every minute.,1
The critics called yesterday watched it beautiful film. Best film of the year.,1
Absolutely lame disappointment. Hated every minute.,0
I think this is perfect performance. Wonderful cast.,1
Absolutely amazing journey. Wonderful cast.,1
What a friends fantastic film. Stayed with saw me for days.,1
My family said went this was outstanding movie. Stayed with me for days. yesterday,0
My watched friends family said this was dull movie. The acting was awful.,0
Absolutely last week tedious disappointment. A total waste. cinema,0
Everyone I soundtrack know last week says this is horrible disappointment. Terrible cast.,0
My family ticket said this was painful disappointment. Weak script and direction.,0
Simply ticket great adventure. Best soundtrack film of the year.,1
The film is brilliant trailer yesterday masterpiece. A must-watch.,1
The film is horrible experience. Terrible director cast.,0
I think friends this is horrible experience. Skip this one.,0
This is a disappointing movie. Skip this one.,0
What a brilliant performance. Made me cry with joy. ending,1
Simply wonderful story. Do not miss it.,1
This is a brilliant ride. Do not miss it.,1
I think this is last week brilliant performance. Would watch ticket again.,1
This is a painful picture. ending The acting was awful. went,0
This movie was great friends movie. Would watch again. director,1
The film is forgettable experience. soundtrack Made me want to leave.,0
My family said this was lame experience. Made me want to leave. trailer yesterday,0
Absolutely ticket forgettable story. trailer Poorly directed.,0
This movie was yesterday outstanding trailer picture. Would watch again.,1
I think this is awful experience. Weak script and watched direction.,0
I think this is delightful adventure. Made ending me cry with last week joy.,1
Absolutely ending perfect experience. I highly recommend it. cinema,1
This movie was popcorn moving picture. I highly recommend it.,1
What a wonderful film. Made me cry with cinema joy.,1
Truly horrible picture. The acting was awful.,1
The film is bad cinema movie. Hated every minute.,0
This is a painful film. Made me want to saw leave.,0
Everyone I know says this is disappointing movie. Weak script and direction.,0
Everyone I know says this is brilliant journey. I highly recommend it.,1
Truly captivating masterpiece. Best film of the year.,1
My family said this was poor film. Worst film of the year.,0
Absolutely perfect masterpiece. Great script and direction.,1
Simply fantastic director performance. Would watch again.,1
Absolutely poor disappointment. The acting friends was awful.,0
Simply terrible story. Would never saw watch again. yesterday,0
friends What a bad experience. Poorly directed. yesterday,0
I loved the moving movie. Would watch again.,1
Absolutely perfect performance. Stayed with me for days.,1
Everyone I know says this is moving experience. The acting opening was superb.,1
Everyone I know says went this is terrible mess. saw The acting was awful.,0
The film is outstanding masterpiece. Do not miss it.,1
Absolutely thrilling story. Beautifully directed.,1
This movie was dull waste. I do not recommend it.,0
This cinema movie was outstanding story. Best film of the went year.,0
I hated the yesterday disappointing ending movie. Weak script and direction.,0
last week popcorn I think this is bad film. Worst film of the year.,0
The film is terrible performance. The acting was awful.,0
Truly stupid story. Skip this one.,0
My family said this was moving masterpiece. Would watch again.,1
Absolutely bad experience. Made me want to leave.,0
This is a horrible waste. The acting was awful. went,0
Absolutely superb experience. Do not miss it.,1
I think this is disappointing yesterday film. I do director not recommend it.,0
I think this trailer is fantastic picture. I friends highly recommend it.,1
This is a bad experience. Would never watch again.,0
Absolutely captivating performance. I highly recommend it.,1
I hated the dull picture. Made me want to leave.,0
The critics opening called it excellent picture. A ending must-watch.,1
I think this is fantastic soundtrack movie. Loved every soundtrack minute.,1
Everyone ending I know says this is disappointing mess. Hated every minute.,0
Absolutely engaging yesterday masterpiece. soundtrack Great script and direction.,1
My family said this was lame disaster. Forgot it immediately.,0
I think watched friends this is weak film. Forgot it immediately.,0
Everyone I know says this is tedious story. Poorly directed. ticket,0
This movie was brilliant ride. Stayed with me for days.,1
yesterday I hated ticket the dreadful movie. Would never watch again.,0
The film is boring disaster. went The acting was awful.,0
This watched movie was outstanding story. Would watch again.,1
Everyone I know says this is horrible disappointment. Made me want to leave.,0
trailer I think this is dull friends film. Hated every minute.,0
What a soundtrack saw horrible picture. I do not recommend it.,0
I went think this is dull mess. ticket A total waste.,0
Everyone I know says opening this is awful disaster. Forgot it immediately.,0
Absolutely forgettable movie. Would never watch again. cinema,0
This is a superb adventure. popcorn I highly recommend it.,1
My family said this was dreadful experience. Hated every minute.,0
This movie was beautiful story. Would trailer watch again.,1
Truly thrilling journey. Made me cry with joy.,1
What a fantastic story. Would watch again.,1
Simply soundtrack bad picture. Skip this one.,0
Truly painful experience. Made me want popcorn to yesterday leave.,0
Absolutely saw went brilliant ride. The acting was superb.,1
I think this is dreadful film. Forgot it soundtrack immediately.,0
Truly tedious picture. Would never friends watch again. popcorn,0
The yesterday critics called it tedious movie. Poorly directed.,0
The film is dreadful performance. Made me want to leave.,0
The ticket critics called it moving story. A must-watch.,0
I loved the moving film. I highly recommend it.,1
My family said this was wonderful performance. Would watch again.,0
Absolutely popcorn thrilling film. Great script cinema and direction.,1
The film is tedious disaster. yesterday Hated every minute. cinema,0
I think this is fantastic ride. Best film of the year.,1
saw I hated the dull popcorn disappointment. Worst film of the year.,0
Simply outstanding popcorn movie. Would watch again.,1
soundtrack This movie soundtrack was boring disappointment. I do not recommend it.,0
This movie was dull disaster. Would ending never watch again.,0
Absolutely painful disaster. A total waste. opening,0
Truly ticket outstanding ride. Loved every director minute.,1
This is a ticket horrible disaster. Skip this one.,0
What a wonderful performance. I highly recommend it.,1
What a terrible performance. Weak last week script and direction.,0
This is a wonderful movie. Do ticket not miss yesterday it.,1
went Absolutely weak picture. The acting popcorn was awful.,1
Everyone I popcorn know says this is thrilling ride. Loved every minute.,1
This is a friends excellent picture. soundtrack The acting was superb.,1
saw I hated the awful story. cinema Poorly directed.,0
I think this is dreadful waste. I do director not recommend it.,1
Truly wonderful story. Beautifully directed.,1
This friends is a friends awful disappointment. Made me want to leave.,0
I hated ending the dull picture. Would never watch again. friends,0
My family said this was moving experience. The last week acting was superb.,1
This movie was awful experience. Worst last week film of the year.,0
The film is amazing journey. Stayed with me for days.,1
The film is stupid experience. Hated every minute.,0
I hated the boring story. went Hated every opening minute.,0
Truly superb popcorn story. Great watched script and direction.,1
Truly painful mess. ending A total waste.,0
Simply boring movie. Poorly directed. cinema,0
Truly lame picture. went Made me want to leave.,0
This movie was engaging film. soundtrack Stayed with me for days.,1
This is a popcorn engaging movie. The acting was superb.,1
This is a great journey. Loved every minute.,1
This movie was ending delightful masterpiece. Loved every minute.,1
Everyone I know says this is thrilling picture. Made me friends cry with joy.,1
The critics friends called it disappointing disaster. Weak script and direction.,0
Everyone I know says this is fantastic ride. Do not miss it.,1
My family said friends ending this was superb movie. Wonderful cast.,1
watched Truly moving ride. The acting was superb.,1
This is a engaging experience. Stayed with me for days.,1
The critics called it painful waste. ticket Would never watch watched again.,0
Truly amazing experience. Wonderful cast.,1
The critics called it dull saw film. Hated every minute. soundtrack,0
The film is engaging film. Wonderful ticket cast.,1
I think this is disappointing film. Would never watch again.,0
What soundtrack a stupid experience. I do not recommend it.,0
last week The film is amazing experience. Made me cry with ticket joy.,1
My family said this was dreadful disappointment. Terrible cast.,0
What a terrible ticket disappointment. The acting was awful.,0
I loved the captivating movie. A must-watch. trailer,1
yesterday I hated the lame story. Weak script ticket and direction.,0
This movie was terrible disaster. Would never watch again.,0
Truly delightful story. Made me director cry with joy.,1
Simply superb masterpiece. Stayed with me for days.,1
watched The critics called it wonderful picture. Stayed with me for days.,1
Absolutely painful disappointment. Terrible cast.,0
last week The film is brilliant yesterday story. Loved every minute.,1
Everyone I know says this is wonderful film. Best film of trailer the year.,1
I yesterday hated the poor disappointment. Skip this one.,0
Truly excellent ticket adventure. Would watch again.,1
Truly beautiful journey. popcorn The acting soundtrack was superb.,1
This is a amazing friends movie. Would watched watch again.,1
My family said this was outstanding story. Do not cinema miss it.,0
What a engaging movie. Great script last week and opening direction.,1
last week Absolutely perfect experience. Stayed with me for days.,1
What a painful film. Hated every minute.,0
I director hated the terrible disappointment. Terrible cast. opening,0
This movie was stupid disaster. trailer Worst film of last week the year.,0
This is a boring disaster. Weak script and direction.,0
I last week think this is brilliant adventure. watched Wonderful cast.,1
Absolutely delightful ride. A must-watch.,1
This movie was poor film. Skip this one. ending,0
saw What a painful story. Forgot it immediately. opening,0
Simply trailer engaging experience. Stayed with me for days.,1
Everyone I know says this is director painful story. popcorn A total waste.,0
This movie was brilliant adventure. Do not miss it.,1
I think soundtrack opening this is great performance. Beautifully directed.,1
I think watched this is outstanding picture. Would watch again. watched,1
I think this went is stupid disaster. Made me want to leave.,0
Absolutely lame disaster. Poorly directed.,0
The critics called it delightful film. Would watch again. director,1
This saw is popcorn a terrible waste. Hated every minute.,0
My family trailer said this was painful film. Made me want to leave.,0
Simply outstanding popcorn movie. Best film of ending the year.,1
Truly fantastic ride. Loved every minute.,1
My family said this was outstanding adventure. Would cinema watch again.,1
The critics called it outstanding story. Great script and direction. opening,1
Simply dull story. Would never watch again.,0
I loved the popcorn thrilling adventure. Do not miss it. ticket,1
The film is saw popcorn excellent performance. Great script and direction.,1
The critics called watched it stupid story. Poorly directed.,0
Truly stupid picture. went Skip this one.,0
My family said this was boring film. Skip this one.,0
This is a moving story. Best film of the year. soundtrack,1
I opening hated the terrible experience. I do not recommend last week it.,0
My family yesterday said this was superb yesterday ride. Wonderful cast.,1
Everyone I know says popcorn this is awful disaster. Skip this one.,0
My family said this was painful went performance. A total waste.,0
Simply horrible disaster. yesterday Terrible cast.,0
Absolutely stupid waste. Poorly saw directed.,0
Everyone I know says this is disappointing mess. Hated every minute.,0
yesterday I popcorn hated the dreadful film. The acting was awful.,0
Everyone I know says this is engaging experience. Stayed with me for days.,1
This movie was forgettable disappointment. Made me want to leave.,0
My family said this was stupid performance. Terrible watched cast.,0
This movie opening was poor experience. Terrible cast. popcorn,0
The trailer film is brilliant watched movie. Best film of the year.,1
The critics called trailer soundtrack it forgettable story. Would never watch again.,0
This is a excellent picture. Would watch again.,1
Everyone I know says this is dull picture. went Poorly directed. ticket,0
Simply painful mess. Poorly directed.,0
This watched is a tedious yesterday performance. A total waste.,0
I think this is great movie. Made me cry with joy.,1
The film is weak disappointment. Would never watch again.,0
watched I think this is engaging trailer picture. I highly recommend it.,1
I think this is last week terrible watched performance. Forgot it immediately.,1
Absolutely wonderful journey. Wonderful cast.,1
Everyone I know says this is wonderful masterpiece. The acting was superb. friends,1
I loved opening the thrilling experience. Great script and direction. director,1
The film is tedious experience. Hated every minute.,0
This ticket ticket is a stupid experience. I do not recommend it.,0
My family said this was went wonderful picture. I highly recommend it.,1
What a friends engaging masterpiece. I highly recommend it.,1
I loved the cinema ending moving adventure. Loved every minute.,1
The watched film is outstanding experience. Beautifully directed.,1
cinema The film is moving film. watched Would watch again.,1
The critics called it stupid story. Would never watch again.,0
The film is lame director story. Would never watch ending again.,1
The film is excellent journey. Stayed with me for popcorn days.,1
My family said this was perfect movie. Stayed with me for days.,1
This watched is a excellent performance. Loved last week every minute.,1
My family said this was painful performance. Made me want to leave.,0
My family said this was dreadful picture. I ending do not recommend it.,0
Everyone I know says this last week ticket is terrible story. Terrible cast.,0
This is watched a beautiful performance. Beautifully directed.,1
Absolutely forgettable film. Worst film of the year.,1
This movie was amazing ride. opening I highly recommend it.,1
I hated the poor director experience. opening Forgot it immediately.,0
went Truly yesterday outstanding story. The acting was superb.,1
Absolutely superb film. Best film director of the year. watched,1
The film is popcorn outstanding performance. ticket The acting was superb.,1
This is popcorn a amazing performance. Wonderful cast.,1
Simply outstanding yesterday experience. Loved every minute. popcorn,1
What a great journey. Best film of the year.,1
saw This movie was moving picture. Would watch again.,1
What a beautiful journey. I yesterday highly yesterday recommend it.,1
I watched last week hated the painful disappointment. A total waste.,0
Absolutely engaging last week masterpiece. Would watch again.,1
The film went is amazing adventure. Best film of the year.,1
soundtrack I loved the superb ride. Great script and direction.,1
The film ticket is superb masterpiece. Great script and soundtrack direction.,1
Truly went lame performance. Terrible cast.,0
yesterday Simply terrible movie. Weak director script and direction.,0
I hated the dreadful disaster. The acting went was awful.,0
I think this is painful disappointment. Forgot it immediately.,0
My family ticket said this was fantastic masterpiece. Do not miss it.,1
What a terrible film. Weak script and direction.,0
What a cinema moving performance. A must-watch.,1
Everyone I know says this is amazing journey. Beautifully directed. yesterday,1
This last week is went a boring experience. Poorly directed.,0
cinema This movie was lame movie. Terrible friends cast.,0
I think ticket this is poor story. Skip this one.,0
The critics called it painful experience. Worst film of the year.,0
My family said friends this was disappointing disaster. Weak script ticket and direction.,0
What a excellent experience. Would watch friends again.,1
Everyone I know says this is thrilling journey. The acting was superb.,1
Absolutely painful performance. A friends total waste.,0
This is a poor disaster. I do not yesterday recommend ticket it.,0
What a friends disappointing experience. went Forgot it immediately.,1
I think this is outstanding performance. went Do not miss it.,1
The critics called it brilliant film. Best film of the year.,1
My family said last week this was moving picture. Loved every minute.,1
Truly wonderful journey. Would watch again.,1
This movie was moving masterpiece. I highly recommend popcorn it. director,1
Everyone I know says this is wonderful ride. Wonderful friends cast.,1
This is a outstanding movie. A must-watch.,1
I loved the superb picture. trailer Stayed with me for days.,1
I think this is disappointing ticket movie. Poorly directed.,0
Absolutely lame disappointment. Hated watched every minute. went,0
This movie was thrilling story. Wonderful cast.,1
Absolutely brilliant friends adventure. Stayed with me for trailer days.,1
Simply fantastic adventure. Stayed with ending me for trailer days.,1
Everyone I know says yesterday this is moving movie. Beautifully directed. yesterday,1
The film is tedious film. friends Terrible cast.,0
This movie friends was horrible story. Would never watch again.,0
Everyone I know says this is boring movie. Worst film of the year.,0
Everyone I know says this is wonderful yesterday film. Great script and direction.,1
I think this soundtrack is poor performance. Forgot it immediately.,0
Truly terrible performance. cinema Poorly saw directed.,0
Truly forgettable story. Skip this one.,1
cinema My family said this was awful experience. Worst film of the year.,0
cinema This movie was yesterday weak mess. Would never watch again.,0
This movie was watched superb adventure. Wonderful watched cast.,1
Absolutely painful disaster. Worst friends film of the year. went,0
I think this is superb adventure. soundtrack Beautifully directed.,1
I hated the dull performance. Hated every ticket minute.,0
I think this is perfect movie. Stayed with me for days.,1
What a brilliant movie. Stayed with me for days.,0
Simply thrilling cinema film. opening Beautifully directed.,1
Simply director thrilling ride. Do not miss it.,1
The film is dreadful picture. Weak script and direction.,0
What a weak yesterday picture. Would never watch again.,0
I hated the painful waste. Weak script and direction.,0
This movie was brilliant experience. trailer Loved every minute.,1
My family said trailer this was boring film. Forgot it immediately. director,0
last week Everyone I know says this is disappointing picture. Would never watch again.,0
The film is awful experience. The acting was awful.,0
What a wonderful performance. A must-watch.,1
went This is a captivating saw picture. The acting was superb.,1
My family said this was forgettable experience. Poorly directed.,0
My family said this was excellent journey. The acting was superb.,1
The film popcorn is weak movie. Would never watch again.,0
This movie was great watched performance. Great script and direction.,1
watched This movie was excellent movie. Stayed with soundtrack me for days.,1
The film is outstanding ride. soundtrack A must-watch.,1
What a amazing experience. Beautifully directed.,1
I loved the captivating film. Wonderful cast.,1
This is a tedious experience. watched Made me want saw to leave.,0
This movie was beautiful performance. Stayed with me for days.,1
Truly tedious film. The acting was awful.,0
I think this is stupid performance. Worst film of the year.,0
What soundtrack a terrible waste. I do not recommend it.,0
went The film is thrilling film. A must-watch.,1
I hated the poor movie. I do watched not recommend it.,0
Truly boring film. Would never watch again.,1
Everyone I know says this is superb journey. I highly recommend it.,1
This is a poor disaster. Made director me want director to leave.,0
opening This is a horrible film. The acting was awful.,0
Truly superb journey. Stayed with me for days.,1
My family said this was boring experience. Terrible cast. opening,0
Absolutely bad mess. Made me want to leave.,0
The film director is captivating ride. Best film of the year. last week,1
Truly bad disappointment. Skip this one.,0
The film is opening tedious movie. soundtrack Would never watch again.,0
What a stupid disappointment. Hated every minute.,0
What a soundtrack terrible performance. Hated every minute.,0
The critics called it dull mess. Worst film of the year.,0
The film is painful mess. The acting was awful.,0
Everyone I know says this is fantastic journey. The acting was superb.,1
This movie was forgettable picture. Terrible cast.,0
This is a great experience. Best film of the last week went year.,1
Simply great masterpiece. A must-watch. director,1
The film ending is excellent movie. Wonderful cast.,1
Everyone I know says this friends is forgettable mess. I do not recommend it.,0
yesterday I think this last week is superb picture. A must-watch.,0
I hated the tedious performance. Forgot ticket it immediately.,0
Truly stupid waste. Made me want to leave.,0
Truly great story. The acting was superb.,1
Simply perfect story. Beautifully directed. ticket,1
Everyone I know says this is tedious disappointment. Hated every minute.,0
The film is bad disaster. Would never watch again.,0
watched I loved the beautiful picture. Do saw not miss it.,1
The critics called it lame mess. Weak script and direction.,0
trailer Simply stupid disappointment. Forgot it immediately. yesterday,0
Truly amazing movie. Wonderful cast. last week,1
watched My family said this was poor disaster. Terrible cast. opening,0
I loved the great journey. saw The yesterday acting was superb.,1
went This is a tedious waste. Terrible cast.,1
Absolutely poor disappointment. A friends total waste.,0
Absolutely beautiful experience. Best film of the year.,1
What a great ticket film. Wonderful cast.,1
Everyone I trailer know says opening this is forgettable waste. Skip this one.,0
